{
  "_format": "ethers-rs-sol-cache-3",
  "paths": {
    "artifacts": "out",
    "build_infos": "out/build-info",
    "sources": "src",
    "tests": "test",
    "scripts": "script",
    "libraries": [
      "lib"
    ]
  },
  "files": {
    "lib/forge-std/lib/ds-test/src/test.sol": {
      "lastModificationDate": 1671107283029,
      "contentHash": "962996f0e05d5218857a538a62d7c47e",
      "sourceName": "lib/forge-std/lib/ds-test/src/test.sol",
      "solcConfig": {
        "settings": {
          "optimizer": {
            "enabled": true,
            "runs": 200
          },
          "metadata": {
            "bytecodeHash": "ipfs",
            "appendCBOR": true
          },
          "outputSelection": {
            "*": {
              "": [
                "ast"
              ],
              "*": [
                "abi",
                "evm.bytecode",
                "evm.deployedBytecode",
                "evm.methodIdentifiers",
                "metadata"
              ]
            }
          },
          "evmVersion": "london",
          "libraries": {}
        }
      },
      "imports": [],
      "versionRequirement": ">=0.5.0",
      "artifacts": {
        "DSTest": {
          "0.8.17+commit.8df45f5f.Linux.gcc": "test.sol/DSTest.json"
        }
      }
    },
    "lib/forge-std/src/Common.sol": {
      "lastModificationDate": 1671107283089,
      "contentHash": "385215973dee04c2a4bfefa3a37e253c",
      "sourceName": "lib/forge-std/src/Common.sol",
      "solcConfig": {
        "settings": {
          "optimizer": {
            "enabled": true,
            "runs": 200
          },
          "metadata": {
            "bytecodeHash": "ipfs",
            "appendCBOR": true
          },
          "outputSelection": {
            "*": {
              "": [
                "ast"
              ],
              "*": [
                "abi",
                "evm.bytecode",
                "evm.deployedBytecode",
                "evm.methodIdentifiers",
                "metadata"
              ]
            }
          },
          "evmVersion": "london",
          "libraries": {}
        }
      },
      "imports": [
        "lib/forge-std/lib/ds-test/src/test.sol",
        "lib/forge-std/src/Components.sol",
        "lib/forge-std/src/StdAssertions.sol",
        "lib/forge-std/src/StdCheats.sol",
        "lib/forge-std/src/StdError.sol",
        "lib/forge-std/src/StdJson.sol",
        "lib/forge-std/src/StdMath.sol",
        "lib/forge-std/src/StdStorage.sol",
        "lib/forge-std/src/StdUtils.sol",
        "lib/forge-std/src/Vm.sol",
        "lib/forge-std/src/console.sol",
        "lib/forge-std/src/console2.sol"
      ],
      "versionRequirement": ">=0.6.2, <0.9.0",
      "artifacts": {
        "CommonBase": {
          "0.8.17+commit.8df45f5f.Linux.gcc": "Common.sol/CommonBase.json"
        }
      }
    },
    "lib/forge-std/src/Components.sol": {
      "lastModificationDate": 1671107283093,
      "contentHash": "745a7e4623550699a5e0333bcf4f0184",
      "sourceName": "lib/forge-std/src/Components.sol",
      "solcConfig": {
        "settings": {
          "optimizer": {
            "enabled": true,
            "runs": 200
          },
          "metadata": {
            "bytecodeHash": "ipfs",
            "appendCBOR": true
          },
          "outputSelection": {
            "*": {
              "": [
                "ast"
              ],
              "*": [
                "abi",
                "evm.bytecode",
                "evm.deployedBytecode",
                "evm.methodIdentifiers",
                "metadata"
              ]
            }
          },
          "evmVersion": "london",
          "libraries": {}
        }
      },
      "imports": [
        "lib/forge-std/lib/ds-test/src/test.sol",
        "lib/forge-std/src/StdAssertions.sol",
        "lib/forge-std/src/StdCheats.sol",
        "lib/forge-std/src/StdError.sol",
        "lib/forge-std/src/StdJson.sol",
        "lib/forge-std/src/StdMath.sol",
        "lib/forge-std/src/StdStorage.sol",
        "lib/forge-std/src/StdUtils.sol",
        "lib/forge-std/src/Vm.sol",
        "lib/forge-std/src/console.sol",
        "lib/forge-std/src/console2.sol"
      ],
      "versionRequirement": ">=0.6.2, <0.9.0",
      "artifacts": {
        "Components": {
          "0.8.17+commit.8df45f5f.Linux.gcc": "Components.sol/Components.json"
        }
      }
    },
    "lib/forge-std/src/Script.sol": {
      "lastModificationDate": 1671107283093,
      "contentHash": "a0d7ca329f3374a1698e48c493ab4f1a",
      "sourceName": "lib/forge-std/src/Script.sol",
      "solcConfig": {
        "settings": {
          "optimizer": {
            "enabled": true,
            "runs": 200
          },
          "metadata": {
            "bytecodeHash": "ipfs",
            "appendCBOR": true
          },
          "outputSelection": {
            "*": {
              "": [
                "ast"
              ],
              "*": [
                "abi",
                "evm.bytecode",
                "evm.deployedBytecode",
                "evm.methodIdentifiers",
                "metadata"
              ]
            }
          },
          "evmVersion": "london",
          "libraries": {}
        }
      },
      "imports": [
        "lib/forge-std/lib/ds-test/src/test.sol",
        "lib/forge-std/src/Common.sol",
        "lib/forge-std/src/Components.sol",
        "lib/forge-std/src/StdAssertions.sol",
        "lib/forge-std/src/StdCheats.sol",
        "lib/forge-std/src/StdError.sol",
        "lib/forge-std/src/StdJson.sol",
        "lib/forge-std/src/StdMath.sol",
        "lib/forge-std/src/StdStorage.sol",
        "lib/forge-std/src/StdUtils.sol",
        "lib/forge-std/src/Vm.sol",
        "lib/forge-std/src/console.sol",
        "lib/forge-std/src/console2.sol"
      ],
      "versionRequirement": ">=0.6.2, <0.9.0",
      "artifacts": {
        "Script": {
          "0.8.17+commit.8df45f5f.Linux.gcc": "Script.sol/Script.json"
        },
        "ScriptBase": {
          "0.8.17+commit.8df45f5f.Linux.gcc": "Script.sol/ScriptBase.json"
        }
      }
    },
    "lib/forge-std/src/StdAssertions.sol": {
      "lastModificationDate": 1671107281613,
      "contentHash": "d3f7487aaf77c715fdbdea89ea4f8399",
      "sourceName": "lib/forge-std/src/StdAssertions.sol",
      "solcConfig": {
        "settings": {
          "optimizer": {
            "enabled": true,
            "runs": 200
          },
          "metadata": {
            "bytecodeHash": "ipfs",
            "appendCBOR": true
          },
          "outputSelection": {
            "*": {
              "": [
                "ast"
              ],
              "*": [
                "abi",
                "evm.bytecode",
                "evm.deployedBytecode",
                "evm.methodIdentifiers",
                "metadata"
              ]
            }
          },
          "evmVersion": "london",
          "libraries": {}
        }
      },
      "imports": [
        "lib/forge-std/lib/ds-test/src/test.sol",
        "lib/forge-std/src/StdMath.sol"
      ],
      "versionRequirement": ">=0.6.2, <0.9.0",
      "artifacts": {
        "StdAssertions": {
          "0.8.17+commit.8df45f5f.Linux.gcc": "StdAssertions.sol/StdAssertions.json"
        }
      }
    },
    "lib/forge-std/src/StdCheats.sol": {
      "lastModificationDate": 1671107283093,
      "contentHash": "e7337996cb2aa604814b2994c9e65826",
      "sourceName": "lib/forge-std/src/StdCheats.sol",
      "solcConfig": {
        "settings": {
          "optimizer": {
            "enabled": true,
            "runs": 200
          },
          "metadata": {
            "bytecodeHash": "ipfs",
            "appendCBOR": true
          },
          "outputSelection": {
            "*": {
              "": [
                "ast"
              ],
              "*": [
                "abi",
                "evm.bytecode",
                "evm.deployedBytecode",
                "evm.methodIdentifiers",
                "metadata"
              ]
            }
          },
          "evmVersion": "london",
          "libraries": {}
        }
      },
      "imports": [
        "lib/forge-std/src/StdStorage.sol",
        "lib/forge-std/src/Vm.sol"
      ],
      "versionRequirement": ">=0.6.2, <0.9.0",
      "artifacts": {
        "StdCheats": {
          "0.8.17+commit.8df45f5f.Linux.gcc": "StdCheats.sol/StdCheats.json"
        },
        "StdCheatsSafe": {
          "0.8.17+commit.8df45f5f.Linux.gcc": "StdCheats.sol/StdCheatsSafe.json"
        }
      }
    },
    "lib/forge-std/src/StdError.sol": {
      "lastModificationDate": 1671107281613,
      "contentHash": "64c896e1276a291776e5ea5aecb3870a",
      "sourceName": "lib/forge-std/src/StdError.sol",
      "solcConfig": {
        "settings": {
          "optimizer": {
            "enabled": true,
            "runs": 200
          },
          "metadata": {
            "bytecodeHash": "ipfs",
            "appendCBOR": true
          },
          "outputSelection": {
            "*": {
              "": [
                "ast"
              ],
              "*": [
                "abi",
                "evm.bytecode",
                "evm.deployedBytecode",
                "evm.methodIdentifiers",
                "metadata"
              ]
            }
          },
          "evmVersion": "london",
          "libraries": {}
        }
      },
      "imports": [],
      "versionRequirement": ">=0.6.2, <0.9.0",
      "artifacts": {
        "stdError": {
          "0.8.17+commit.8df45f5f.Linux.gcc": "StdError.sol/stdError.json"
        }
      }
    },
    "lib/forge-std/src/StdJson.sol": {
      "lastModificationDate": 1671107281613,
      "contentHash": "1df82178ad2d4556c856d0ca4b8f614d",
      "sourceName": "lib/forge-std/src/StdJson.sol",
      "solcConfig": {
        "settings": {
          "optimizer": {
            "enabled": true,
            "runs": 200
          },
          "metadata": {
            "bytecodeHash": "ipfs",
            "appendCBOR": true
          },
          "outputSelection": {
            "*": {
              "": [
                "ast"
              ],
              "*": [
                "abi",
                "evm.bytecode",
                "evm.deployedBytecode",
                "evm.methodIdentifiers",
                "metadata"
              ]
            }
          },
          "evmVersion": "london",
          "libraries": {}
        }
      },
      "imports": [
        "lib/forge-std/src/Vm.sol"
      ],
      "versionRequirement": ">=0.6.0, <0.9.0",
      "artifacts": {
        "stdJson": {
          "0.8.17+commit.8df45f5f.Linux.gcc": "StdJson.sol/stdJson.json"
        }
      }
    },
    "lib/forge-std/src/StdMath.sol": {
      "lastModificationDate": 1671107281613,
      "contentHash": "9da8f453eba6bb98f3d75bc6822bfb29",
      "sourceName": "lib/forge-std/src/StdMath.sol",
      "solcConfig": {
        "settings": {
          "optimizer": {
            "enabled": true,
            "runs": 200
          },
          "metadata": {
            "bytecodeHash": "ipfs",
            "appendCBOR": true
          },
          "outputSelection": {
            "*": {
              "": [
                "ast"
              ],
              "*": [
                "abi",
                "evm.bytecode",
                "evm.deployedBytecode",
                "evm.methodIdentifiers",
                "metadata"
              ]
            }
          },
          "evmVersion": "london",
          "libraries": {}
        }
      },
      "imports": [],
      "versionRequirement": ">=0.6.2, <0.9.0",
      "artifacts": {
        "stdMath": {
          "0.8.17+commit.8df45f5f.Linux.gcc": "StdMath.sol/stdMath.json"
        }
      }
    },
    "lib/forge-std/src/StdStorage.sol": {
      "lastModificationDate": 1671107281613,
      "contentHash": "3f1bd6d72997330e2f556ececa8114a7",
      "sourceName": "lib/forge-std/src/StdStorage.sol",
      "solcConfig": {
        "settings": {
          "optimizer": {
            "enabled": true,
            "runs": 200
          },
          "metadata": {
            "bytecodeHash": "ipfs",
            "appendCBOR": true
          },
          "outputSelection": {
            "*": {
              "": [
                "ast"
              ],
              "*": [
                "abi",
                "evm.bytecode",
                "evm.deployedBytecode",
                "evm.methodIdentifiers",
                "metadata"
              ]
            }
          },
          "evmVersion": "london",
          "libraries": {}
        }
      },
      "imports": [
        "lib/forge-std/src/Vm.sol"
      ],
      "versionRequirement": ">=0.6.2, <0.9.0",
      "artifacts": {
        "stdStorage": {
          "0.8.17+commit.8df45f5f.Linux.gcc": "StdStorage.sol/stdStorage.json"
        },
        "stdStorageSafe": {
          "0.8.17+commit.8df45f5f.Linux.gcc": "StdStorage.sol/stdStorageSafe.json"
        }
      }
    },
    "lib/forge-std/src/StdUtils.sol": {
      "lastModificationDate": 1671107283093,
      "contentHash": "1d1d6bf7b4609a675d06cc41f8dcd5ad",
      "sourceName": "lib/forge-std/src/StdUtils.sol",
      "solcConfig": {
        "settings": {
          "optimizer": {
            "enabled": true,
            "runs": 200
          },
          "metadata": {
            "bytecodeHash": "ipfs",
            "appendCBOR": true
          },
          "outputSelection": {
            "*": {
              "": [
                "ast"
              ],
              "*": [
                "abi",
                "evm.bytecode",
                "evm.deployedBytecode",
                "evm.methodIdentifiers",
                "metadata"
              ]
            }
          },
          "evmVersion": "london",
          "libraries": {}
        }
      },
      "imports": [
        "lib/forge-std/src/console2.sol"
      ],
      "versionRequirement": ">=0.6.2, <0.9.0",
      "artifacts": {
        "StdUtils": {
          "0.8.17+commit.8df45f5f.Linux.gcc": "StdUtils.sol/StdUtils.json"
        }
      }
    },
    "lib/forge-std/src/Test.sol": {
      "lastModificationDate": 1671107283093,
      "contentHash": "23c73ad6c59f5d629042303f8ffc1359",
      "sourceName": "lib/forge-std/src/Test.sol",
      "solcConfig": {
        "settings": {
          "optimizer": {
            "enabled": true,
            "runs": 200
          },
          "metadata": {
            "bytecodeHash": "ipfs",
            "appendCBOR": true
          },
          "outputSelection": {
            "*": {
              "": [
                "ast"
              ],
              "*": [
                "abi",
                "evm.bytecode",
                "evm.deployedBytecode",
                "evm.methodIdentifiers",
                "metadata"
              ]
            }
          },
          "evmVersion": "london",
          "libraries": {}
        }
      },
      "imports": [
        "lib/forge-std/lib/ds-test/src/test.sol",
        "lib/forge-std/src/Common.sol",
        "lib/forge-std/src/Components.sol",
        "lib/forge-std/src/StdAssertions.sol",
        "lib/forge-std/src/StdCheats.sol",
        "lib/forge-std/src/StdError.sol",
        "lib/forge-std/src/StdJson.sol",
        "lib/forge-std/src/StdMath.sol",
        "lib/forge-std/src/StdStorage.sol",
        "lib/forge-std/src/StdUtils.sol",
        "lib/forge-std/src/Vm.sol",
        "lib/forge-std/src/console.sol",
        "lib/forge-std/src/console2.sol"
      ],
      "versionRequirement": ">=0.6.2, <0.9.0",
      "artifacts": {
        "Test": {
          "0.8.17+commit.8df45f5f.Linux.gcc": "Test.sol/Test.json"
        },
        "TestBase": {
          "0.8.17+commit.8df45f5f.Linux.gcc": "Test.sol/TestBase.json"
        }
      }
    },
    "lib/forge-std/src/Vm.sol": {
      "lastModificationDate": 1671107283093,
      "contentHash": "af4e1189b1763fe0d73a21d17cc2ea9c",
      "sourceName": "lib/forge-std/src/Vm.sol",
      "solcConfig": {
        "settings": {
          "optimizer": {
            "enabled": true,
            "runs": 200
          },
          "metadata": {
            "bytecodeHash": "ipfs",
            "appendCBOR": true
          },
          "outputSelection": {
            "*": {
              "": [
                "ast"
              ],
              "*": [
                "abi",
                "evm.bytecode",
                "evm.deployedBytecode",
                "evm.methodIdentifiers",
                "metadata"
              ]
            }
          },
          "evmVersion": "london",
          "libraries": {}
        }
      },
      "imports": [],
      "versionRequirement": ">=0.6.2, <0.9.0",
      "artifacts": {
        "Vm": {
          "0.8.17+commit.8df45f5f.Linux.gcc": "Vm.sol/Vm.json"
        },
        "VmSafe": {
          "0.8.17+commit.8df45f5f.Linux.gcc": "Vm.sol/VmSafe.json"
        }
      }
    },
    "lib/forge-std/src/console.sol": {
      "lastModificationDate": 1671107281613,
      "contentHash": "100b8a33b917da1147740d7ab8b0ded3",
      "sourceName": "lib/forge-std/src/console.sol",
      "solcConfig": {
        "settings": {
          "optimizer": {
            "enabled": true,
            "runs": 200
          },
          "metadata": {
            "bytecodeHash": "ipfs",
            "appendCBOR": true
          },
          "outputSelection": {
            "*": {
              "": [
                "ast"
              ],
              "*": [
                "abi",
                "evm.bytecode",
                "evm.deployedBytecode",
                "evm.methodIdentifiers",
                "metadata"
              ]
            }
          },
          "evmVersion": "london",
          "libraries": {}
        }
      },
      "imports": [],
      "versionRequirement": ">=0.4.22, <0.9.0",
      "artifacts": {
        "console": {
          "0.8.17+commit.8df45f5f.Linux.gcc": "console.sol/console.json"
        }
      }
    },
    "lib/forge-std/src/console2.sol": {
      "lastModificationDate": 1671107283093,
      "contentHash": "493035087920d89b7c215d662e53ace3",
      "sourceName": "lib/forge-std/src/console2.sol",
      "solcConfig": {
        "settings": {
          "optimizer": {
            "enabled": true,
            "runs": 200
          },
          "metadata": {
            "bytecodeHash": "ipfs",
            "appendCBOR": true
          },
          "outputSelection": {
            "*": {
              "": [
                "ast"
              ],
              "*": [
                "abi",
                "evm.bytecode",
                "evm.deployedBytecode",
                "evm.methodIdentifiers",
                "metadata"
              ]
            }
          },
          "evmVersion": "london",
          "libraries": {}
        }
      },
      "imports": [],
      "versionRequirement": ">=0.4.22, <0.9.0",
      "artifacts": {
        "console2": {
          "0.8.17+commit.8df45f5f.Linux.gcc": "console2.sol/console2.json"
        }
      }
    },
    "lib/openzeppelin-contracts-upgradeable/contracts/interfaces/draft-IERC1822Upgradeable.sol": {
      "lastModificationDate": 1671107313048,
      "contentHash": "a6883cfd85607b16c121a02728369eb3",
      "sourceName": "lib/openzeppelin-contracts-upgradeable/contracts/interfaces/draft-IERC1822Upgradeable.sol",
      "solcConfig": {
        "settings": {
          "optimizer": {
            "enabled": true,
            "runs": 200
          },
          "metadata": {
            "bytecodeHash": "ipfs",
            "appendCBOR": true
          },
          "outputSelection": {
            "*": {
              "": [
                "ast"
              ],
              "*": [
                "abi",
                "evm.bytecode",
                "evm.deployedBytecode",
                "evm.methodIdentifiers",
                "metadata"
              ]
            }
          },
          "evmVersion": "london",
          "libraries": {}
        }
      },
      "imports": [],
      "versionRequirement": "^0.8.0",
      "artifacts": {
        "IERC1822ProxiableUpgradeable": {
          "0.8.17+commit.8df45f5f.Linux.gcc": "draft-IERC1822Upgradeable.sol/IERC1822ProxiableUpgradeable.json"
        }
      }
    },
    "lib/openzeppelin-contracts-upgradeable/contracts/proxy/ClonesUpgradeable.sol": {
      "lastModificationDate": 1671107315768,
      "contentHash": "1dd5ae8db5944ffd09817c5c6bc93f7b",
      "sourceName": "lib/openzeppelin-contracts-upgradeable/contracts/proxy/ClonesUpgradeable.sol",
      "solcConfig": {
        "settings": {
          "optimizer": {
            "enabled": true,
            "runs": 200
          },
          "metadata": {
            "bytecodeHash": "ipfs",
            "appendCBOR": true
          },
          "outputSelection": {
            "*": {
              "": [
                "ast"
              ],
              "*": [
                "abi",
                "evm.bytecode",
                "evm.deployedBytecode",
                "evm.methodIdentifiers",
                "metadata"
              ]
            }
          },
          "evmVersion": "london",
          "libraries": {}
        }
      },
      "imports": [],
      "versionRequirement": "^0.8.0",
      "artifacts": {
        "ClonesUpgradeable": {
          "0.8.17+commit.8df45f5f.Linux.gcc": "ClonesUpgradeable.sol/ClonesUpgradeable.json"
        }
      }
    },
    "lib/openzeppelin-contracts-upgradeable/contracts/proxy/ERC1967/ERC1967UpgradeUpgradeable.sol": {
      "lastModificationDate": 1671107313056,
      "contentHash": "d1ceeaa35b60471b1c6e50d29d70354a",
      "sourceName": "lib/openzeppelin-contracts-upgradeable/contracts/proxy/ERC1967/ERC1967UpgradeUpgradeable.sol",
      "solcConfig": {
        "settings": {
          "optimizer": {
            "enabled": true,
            "runs": 200
          },
          "metadata": {
            "bytecodeHash": "ipfs",
            "appendCBOR": true
          },
          "outputSelection": {
            "*": {
              "": [
                "ast"
              ],
              "*": [
                "abi",
                "evm.bytecode",
                "evm.deployedBytecode",
                "evm.methodIdentifiers",
                "metadata"
              ]
            }
          },
          "evmVersion": "london",
          "libraries": {}
        }
      },
      "imports": [
        "lib/openzeppelin-contracts-upgradeable/contracts/interfaces/draft-IERC1822Upgradeable.sol",
        "lib/openzeppelin-contracts-upgradeable/contracts/proxy/beacon/IBeaconUpgradeable.sol",
        "lib/openzeppelin-contracts-upgradeable/contracts/proxy/utils/Initializable.sol",
        "lib/openzeppelin-contracts-upgradeable/contracts/utils/AddressUpgradeable.sol",
        "lib/openzeppelin-contracts-upgradeable/contracts/utils/StorageSlotUpgradeable.sol"
      ],
      "versionRequirement": "^0.8.2",
      "artifacts": {
        "ERC1967UpgradeUpgradeable": {
          "0.8.17+commit.8df45f5f.Linux.gcc": "ERC1967UpgradeUpgradeable.sol/ERC1967UpgradeUpgradeable.json"
        }
      }
    },
    "lib/openzeppelin-contracts-upgradeable/contracts/proxy/beacon/IBeaconUpgradeable.sol": {
      "lastModificationDate": 1671107313056,
      "contentHash": "21bffd733b4ca013e125a0ffe2e52254",
      "sourceName": "lib/openzeppelin-contracts-upgradeable/contracts/proxy/beacon/IBeaconUpgradeable.sol",
      "solcConfig": {
        "settings": {
          "optimizer": {
            "enabled": true,
            "runs": 200
          },
          "metadata": {
            "bytecodeHash": "ipfs",
            "appendCBOR": true
          },
          "outputSelection": {
            "*": {
              "": [
                "ast"
              ],
              "*": [
                "abi",
                "evm.bytecode",
                "evm.deployedBytecode",
                "evm.methodIdentifiers",
                "metadata"
              ]
            }
          },
          "evmVersion": "london",
          "libraries": {}
        }
      },
      "imports": [],
      "versionRequirement": "^0.8.0",
      "artifacts": {
        "IBeaconUpgradeable": {
          "0.8.17+commit.8df45f5f.Linux.gcc": "IBeaconUpgradeable.sol/IBeaconUpgradeable.json"
        }
      }
    },
    "lib/openzeppelin-contracts-upgradeable/contracts/proxy/utils/Initializable.sol": {
      "lastModificationDate": 1671107315768,
      "contentHash": "e9b0b058deea0144d9399002b67229f2",
      "sourceName": "lib/openzeppelin-contracts-upgradeable/contracts/proxy/utils/Initializable.sol",
      "solcConfig": {
        "settings": {
          "optimizer": {
            "enabled": true,
            "runs": 200
          },
          "metadata": {
            "bytecodeHash": "ipfs",
            "appendCBOR": true
          },
          "outputSelection": {
            "*": {
              "": [
                "ast"
              ],
              "*": [
                "abi",
                "evm.bytecode",
                "evm.deployedBytecode",
                "evm.methodIdentifiers",
                "metadata"
              ]
            }
          },
          "evmVersion": "london",
          "libraries": {}
        }
      },
      "imports": [
        "lib/openzeppelin-contracts-upgradeable/contracts/utils/AddressUpgradeable.sol"
      ],
      "versionRequirement": "^0.8.2",
      "artifacts": {
        "Initializable": {
          "0.8.17+commit.8df45f5f.Linux.gcc": "Initializable.sol/Initializable.json"
        }
      }
    },
    "lib/openzeppelin-contracts-upgradeable/contracts/proxy/utils/UUPSUpgradeable.sol": {
      "lastModificationDate": 1671107315768,
      "contentHash": "e271d7f01f6ba5cb9dbe19c49180243d",
      "sourceName": "lib/openzeppelin-contracts-upgradeable/contracts/proxy/utils/UUPSUpgradeable.sol",
      "solcConfig": {
        "settings": {
          "optimizer": {
            "enabled": true,
            "runs": 200
          },
          "metadata": {
            "bytecodeHash": "ipfs",
            "appendCBOR": true
          },
          "outputSelection": {
            "*": {
              "": [
                "ast"
              ],
              "*": [
                "abi",
                "evm.bytecode",
                "evm.deployedBytecode",
                "evm.methodIdentifiers",
                "metadata"
              ]
            }
          },
          "evmVersion": "london",
          "libraries": {}
        }
      },
      "imports": [
        "lib/openzeppelin-contracts-upgradeable/contracts/interfaces/draft-IERC1822Upgradeable.sol",
        "lib/openzeppelin-contracts-upgradeable/contracts/proxy/ERC1967/ERC1967UpgradeUpgradeable.sol",
        "lib/openzeppelin-contracts-upgradeable/contracts/proxy/beacon/IBeaconUpgradeable.sol",
        "lib/openzeppelin-contracts-upgradeable/contracts/proxy/utils/Initializable.sol",
        "lib/openzeppelin-contracts-upgradeable/contracts/utils/AddressUpgradeable.sol",
        "lib/openzeppelin-contracts-upgradeable/contracts/utils/StorageSlotUpgradeable.sol"
      ],
      "versionRequirement": "^0.8.0",
      "artifacts": {
        "UUPSUpgradeable": {
          "0.8.17+commit.8df45f5f.Linux.gcc": "UUPSUpgradeable.sol/UUPSUpgradeable.json"
        }
      }
    },
    "lib/openzeppelin-contracts-upgradeable/contracts/utils/AddressUpgradeable.sol": {
      "lastModificationDate": 1671107315772,
      "contentHash": "228f256dbb21393bc9ad02648e222f74",
      "sourceName": "lib/openzeppelin-contracts-upgradeable/contracts/utils/AddressUpgradeable.sol",
      "solcConfig": {
        "settings": {
          "optimizer": {
            "enabled": true,
            "runs": 200
          },
          "metadata": {
            "bytecodeHash": "ipfs",
            "appendCBOR": true
          },
          "outputSelection": {
            "*": {
              "": [
                "ast"
              ],
              "*": [
                "abi",
                "evm.bytecode",
                "evm.deployedBytecode",
                "evm.methodIdentifiers",
                "metadata"
              ]
            }
          },
          "evmVersion": "london",
          "libraries": {}
        }
      },
      "imports": [],
      "versionRequirement": "^0.8.1",
      "artifacts": {
        "AddressUpgradeable": {
          "0.8.17+commit.8df45f5f.Linux.gcc": "AddressUpgradeable.sol/AddressUpgradeable.json"
        }
      }
    },
    "lib/openzeppelin-contracts-upgradeable/contracts/utils/StorageSlotUpgradeable.sol": {
      "lastModificationDate": 1671107313060,
      "contentHash": "731fafe5fdaca6e0749253ab7ce7d3b9",
      "sourceName": "lib/openzeppelin-contracts-upgradeable/contracts/utils/StorageSlotUpgradeable.sol",
      "solcConfig": {
        "settings": {
          "optimizer": {
            "enabled": true,
            "runs": 200
          },
          "metadata": {
            "bytecodeHash": "ipfs",
            "appendCBOR": true
          },
          "outputSelection": {
            "*": {
              "": [
                "ast"
              ],
              "*": [
                "abi",
                "evm.bytecode",
                "evm.deployedBytecode",
                "evm.methodIdentifiers",
                "metadata"
              ]
            }
          },
          "evmVersion": "london",
          "libraries": {}
        }
      },
      "imports": [],
      "versionRequirement": "^0.8.0",
      "artifacts": {
        "StorageSlotUpgradeable": {
          "0.8.17+commit.8df45f5f.Linux.gcc": "StorageSlotUpgradeable.sol/StorageSlotUpgradeable.json"
        }
      }
    },
    "script/Counter.s.sol": {
      "lastModificationDate": 1671107280165,
      "contentHash": "0705c52104730a78aef4aa6694175c81",
      "sourceName": "script/Counter.s.sol",
      "solcConfig": {
        "settings": {
          "optimizer": {
            "enabled": true,
            "runs": 200
          },
          "metadata": {
            "bytecodeHash": "ipfs",
            "appendCBOR": true
          },
          "outputSelection": {
            "*": {
              "": [
                "ast"
              ],
              "*": [
                "abi",
                "evm.bytecode",
                "evm.deployedBytecode",
                "evm.methodIdentifiers",
                "metadata"
              ]
            }
          },
          "evmVersion": "london",
          "libraries": {}
        }
      },
      "imports": [
        "lib/forge-std/lib/ds-test/src/test.sol",
        "lib/forge-std/src/Common.sol",
        "lib/forge-std/src/Components.sol",
        "lib/forge-std/src/Script.sol",
        "lib/forge-std/src/StdAssertions.sol",
        "lib/forge-std/src/StdCheats.sol",
        "lib/forge-std/src/StdError.sol",
        "lib/forge-std/src/StdJson.sol",
        "lib/forge-std/src/StdMath.sol",
        "lib/forge-std/src/StdStorage.sol",
        "lib/forge-std/src/StdUtils.sol",
        "lib/forge-std/src/Vm.sol",
        "lib/forge-std/src/console.sol",
        "lib/forge-std/src/console2.sol"
      ],
      "versionRequirement": "^0.8.13",
      "artifacts": {
        "CounterScript": {
          "0.8.17+commit.8df45f5f.Linux.gcc": "Counter.s.sol/CounterScript.json"
        }
      }
    },
    "src/Upgradeable.sol": {
      "lastModificationDate": 1671107766758,
      "contentHash": "27e230187d55b71c31af05dea509fbfe",
      "sourceName": "src/Upgradeable.sol",
      "solcConfig": {
        "settings": {
          "optimizer": {
            "enabled": true,
            "runs": 200
          },
          "metadata": {
            "bytecodeHash": "ipfs",
            "appendCBOR": true
          },
          "outputSelection": {
            "*": {
              "": [
                "ast"
              ],
              "*": [
                "abi",
                "evm.bytecode",
                "evm.deployedBytecode",
                "evm.methodIdentifiers",
                "metadata"
              ]
            }
          },
          "evmVersion": "london",
          "libraries": {}
        }
      },
      "imports": [
        "lib/openzeppelin-contracts-upgradeable/contracts/interfaces/draft-IERC1822Upgradeable.sol",
        "lib/openzeppelin-contracts-upgradeable/contracts/proxy/ERC1967/ERC1967UpgradeUpgradeable.sol",
        "lib/openzeppelin-contracts-upgradeable/contracts/proxy/beacon/IBeaconUpgradeable.sol",
        "lib/openzeppelin-contracts-upgradeable/contracts/proxy/utils/Initializable.sol",
        "lib/openzeppelin-contracts-upgradeable/contracts/proxy/utils/UUPSUpgradeable.sol",
        "lib/openzeppelin-contracts-upgradeable/contracts/utils/AddressUpgradeable.sol",
        "lib/openzeppelin-contracts-upgradeable/contracts/utils/StorageSlotUpgradeable.sol"
      ],
      "versionRequirement": "^0.8.13",
      "artifacts": {
        "ERC1967Proxy": {
          "0.8.17+commit.8df45f5f.Linux.gcc": "Upgradeable.sol/ERC1967Proxy.json"
        },
        "ImplDeployerProxy": {
          "0.8.17+commit.8df45f5f.Linux.gcc": "Upgradeable.sol/ImplDeployerProxy.json"
        },
        "Implementation": {
          "0.8.17+commit.8df45f5f.Linux.gcc": "Upgradeable.sol/Implementation.json"
        },
        "Proxy": {
          "0.8.17+commit.8df45f5f.Linux.gcc": "Upgradeable.sol/Proxy.json"
        }
      }
    },
    "test/UpgradeabilityTest.t.sol": {
      "lastModificationDate": 1671107734943,
      "contentHash": "c534ff9460d04c375399168cd4dd623d",
      "sourceName": "test/UpgradeabilityTest.t.sol",
      "solcConfig": {
        "settings": {
          "optimizer": {
            "enabled": true,
            "runs": 200
          },
          "metadata": {
            "bytecodeHash": "ipfs",
            "appendCBOR": true
          },
          "outputSelection": {
            "*": {
              "": [
                "ast"
              ],
              "*": [
                "abi",
                "evm.bytecode",
                "evm.deployedBytecode",
                "evm.methodIdentifiers",
                "metadata"
              ]
            }
          },
          "evmVersion": "london",
          "libraries": {}
        }
      },
      "imports": [
        "lib/forge-std/lib/ds-test/src/test.sol",
        "lib/forge-std/src/Common.sol",
        "lib/forge-std/src/Components.sol",
        "lib/forge-std/src/StdAssertions.sol",
        "lib/forge-std/src/StdCheats.sol",
        "lib/forge-std/src/StdError.sol",
        "lib/forge-std/src/StdJson.sol",
        "lib/forge-std/src/StdMath.sol",
        "lib/forge-std/src/StdStorage.sol",
        "lib/forge-std/src/StdUtils.sol",
        "lib/forge-std/src/Test.sol",
        "lib/forge-std/src/Vm.sol",
        "lib/forge-std/src/console.sol",
        "lib/forge-std/src/console2.sol",
        "lib/openzeppelin-contracts-upgradeable/contracts/interfaces/draft-IERC1822Upgradeable.sol",
        "lib/openzeppelin-contracts-upgradeable/contracts/proxy/ClonesUpgradeable.sol",
        "lib/openzeppelin-contracts-upgradeable/contracts/proxy/ERC1967/ERC1967UpgradeUpgradeable.sol",
        "lib/openzeppelin-contracts-upgradeable/contracts/proxy/beacon/IBeaconUpgradeable.sol",
        "lib/openzeppelin-contracts-upgradeable/contracts/proxy/utils/Initializable.sol",
        "lib/openzeppelin-contracts-upgradeable/contracts/proxy/utils/UUPSUpgradeable.sol",
        "lib/openzeppelin-contracts-upgradeable/contracts/utils/AddressUpgradeable.sol",
        "lib/openzeppelin-contracts-upgradeable/contracts/utils/StorageSlotUpgradeable.sol",
        "src/Upgradeable.sol"
      ],
      "versionRequirement": "^0.8.13",
      "artifacts": {
        "UpgradeabilityTest": {
          "0.8.17+commit.8df45f5f.Linux.gcc": "UpgradeabilityTest.t.sol/UpgradeabilityTest.json"
        }
      }
    }
  }
}